rank,school,predicted_points
1,Troy,32
2,Bloomfield Hills,21
3,Detroit Catholic Central,17
4,Novi,16
5,Ann Arbor Pioneer,15
6,Bloomfield Hills Brother Rice,14
7,Ann Arbor Skyline,13
8,Rockford,12
9,Rochester Adams,12
10,Northville,11
11,Portage Central,10
12,Troy Athens,10
13,Okemos,10
14,Holland West Ottawa,10
15,Rochester,8
16,Rochester Hills Stoney Creek,8
17,Ann Arbor Huron,7
18,Clarkston,5
19,Brighton,4
20,Hudsonville,3
21,East Kentwood,3
22,Sterling Heights Stevenson,2
23,Salem,2
24,Utica Ford,1
25,Saline,1
26,West Bloomfield,1
