rank,school,combined_score,total_points,depth_score,team_sos,team_local_sos,slots_counted,s1_pts,s2_pts,s3_pts,s4_pts,d1_pts,d2_pts,d3_pts,d4_pts,reason_below
1st,Detroit Country Day,88.1,77.5,98.7,35.96,35.96,8,12.5,10.0,10.0,11.25,10.0,5.0,7.5,11.25,Singles F1: 1st; Singles F2: 3rd; Singles F3: 4th; Singles F4: 2nd; Doubles F1: 4th; Doubles F2: 13th; Doubles F3: 5th; Doubles F4: 2nd
2nd,Bloomfield Hills Cranbrook Kingswood,88.1,77.5,98.6,35.21,35.21,8,10.0,10.0,11.25,7.5,11.25,5.0,10.0,12.5,Singles F1: 4th; Singles F2: 4th; Singles F3: 2nd; Singles F4: 6th; Doubles F1: 2nd; Doubles F2: 14th; Doubles F3: 3rd; Doubles F4: 1st
3rd,Troy,85.0,71.2,98.7,35.86,35.86,8,5.0,7.5,7.5,7.5,10.0,11.25,12.5,10.0,Singles F1: 9th; Singles F2: 7th; Singles F3: 5th; Singles F4: 5th; Doubles F1: 3rd; Doubles F2: 2nd; Doubles F3: 1st; Doubles F4: 3rd
4th,Birmingham Seaholm,74.7,53.0,96.4,34.96,34.96,8,7.5,7.5,10.0,3.0,7.5,5.0,5.0,7.5,Singles F1: 6th; Singles F2: 6th; Singles F3: 3rd; Singles F4: 26th; Doubles F1: 7th; Doubles F2: 15th; Doubles F3: 14th; Doubles F4: 5th
5th,Novi,73.3,51.0,95.6,34.33,34.33,8,7.5,5.0,7.5,10.0,3.0,3.0,10.0,5.0,Singles F1: 8th; Singles F2: 11th; Singles F3: 7th; Singles F4: 3rd; Doubles F1: 24th; Doubles F2: 29th; Doubles F3: 4th; Doubles F4: 13th
6th,Bloomfield Hills Brother Rice,71.6,47.2,96.0,34.2,34.2,8,5.0,3.0,5.0,3.0,7.5,7.5,11.25,5.0,Singles F1: 10th; Singles F2: 22nd; Singles F3: 12th; Singles F4: 17th; Doubles F1: 6th; Doubles F2: 7th; Doubles F3: 2nd; Doubles F4: 14th
7th,Holland Christian,68.4,42.0,94.7,32.77,32.77,8,3.0,5.0,3.0,3.0,12.5,3.0,5.0,7.5,Singles F1: 24th; Singles F2: 9th; Singles F3: 19th; Singles F4: 27th; Doubles F1: 1st; Doubles F2: 19th; Doubles F3: 10th; Doubles F4: 8th
8th,Ann Arbor Greenhills,67.0,39.8,94.2,35.7,35.7,8,1.25,5.0,3.0,3.0,7.5,10.0,5.0,5.0,Singles F1: 41st; Singles F2: 14th; Singles F3: 17th; Singles F4: 30th; Doubles F1: 5th; Doubles F2: 3rd; Doubles F3: 9th; Doubles F4: 9th
9th,Clarkston,65.5,38.5,92.4,32.57,32.57,8,3.0,12.5,7.5,5.0,5.0,3.0,1.25,1.25,Singles F1: 21st; Singles F2: 1st; Singles F3: 6th; Singles F4: 13th; Doubles F1: 16th; Doubles F2: 23rd; Doubles F3: 35th; Doubles F4: 50th
10th,Grand Rapids Forest Hills Northern,65.4,36.5,94.4,34.12,34.12,8,5.0,7.5,3.0,5.0,3.0,3.0,5.0,5.0,Singles F1: 14th; Singles F2: 5th; Singles F3: 21st; Singles F4: 11th; Doubles F1: 25th; Doubles F2: 22nd; Doubles F3: 12th; Doubles F4: 15th
11th,Midland Dow,65.3,37.8,92.9,28.78,28.78,8,3.0,7.5,5.0,1.25,3.0,10.0,5.0,3.0,Singles F1: 28th; Singles F2: 8th; Singles F3: 14th; Singles F4: 39th; Doubles F1: 26th; Doubles F2: 4th; Doubles F3: 15th; Doubles F4: 22nd
12th,Hudsonville Unity Christian,65.0,37.8,92.3,28.37,28.37,8,5.0,3.0,5.0,7.5,1.25,3.0,3.0,10.0,Singles F1: 15th; Singles F2: 27th; Singles F3: 15th; Singles F4: 7th; Doubles F1: 51st; Doubles F2: 25th; Doubles F3: 23rd; Doubles F4: 4th
13th,Bloomfield Hills,64.4,34.8,94.0,38.88,38.88,8,5.0,3.0,5.0,5.0,5.0,3.0,7.5,1.25,Singles F1: 13th; Singles F2: 17th; Singles F3: 11th; Singles F4: 10th; Doubles F1: 10th; Doubles F2: 32nd; Doubles F3: 6th; Doubles F4: 33rd
14th,Ann Arbor Pioneer,63.9,36.5,91.4,30.45,30.45,8,10.0,5.0,5.0,5.0,0.5,3.0,3.0,5.0,Singles F1: 3rd; Singles F2: 10th; Singles F3: 9th; Singles F4: 9th; Doubles F1: 98th; Doubles F2: 21st; Doubles F3: 27th; Doubles F4: 10th
15th,Okemos,63.8,35.8,91.8,32.16,32.16,8,3.0,5.0,5.0,12.5,3.0,3.0,1.25,3.0,Singles F1: 26th; Singles F2: 12th; Singles F3: 10th; Singles F4: 1st; Doubles F1: 28th; Doubles F2: 30th; Doubles F3: 39th; Doubles F4: 32nd
16th,Detroit Catholic Central,60.3,28.8,91.8,33.96,33.96,8,1.25,3.0,5.0,3.0,3.0,3.0,7.5,3.0,Singles F1: 40th; Singles F2: 23rd; Singles F3: 13th; Singles F4: 18th; Doubles F1: 23rd; Doubles F2: 28th; Doubles F3: 8th; Doubles F4: 25th
17th,Rochester Adams,60.3,28.2,92.3,34.82,34.82,8,3.0,5.0,3.0,1.25,5.0,3.0,3.0,5.0,Singles F1: 27th; Singles F2: 15th; Singles F3: 29th; Singles F4: 34th; Doubles F1: 15th; Doubles F2: 17th; Doubles F3: 19th; Doubles F4: 11th
18th,Chelsea,60.2,32.2,88.2,30.92,30.92,8,0.5,1.25,12.5,1.25,3.0,7.5,5.0,1.25,Singles F1: 67th; Singles F2: 52nd; Singles F3: 1st; Singles F4: 57th; Doubles F1: 18th; Doubles F2: 5th; Doubles F3: 16th; Doubles F4: 36th
19th,Ann Arbor Skyline,60.0,29.0,90.9,31.22,31.22,8,1.25,5.0,7.5,5.0,3.0,3.0,3.0,1.25,Singles F1: 37th; Singles F2: 16th; Singles F3: 8th; Singles F4: 16th; Doubles F1: 22nd; Doubles F2: 18th; Doubles F3: 32nd; Doubles F4: 47th
20th,Byron Center,59.7,29.5,90.0,30.05,30.05,8,3.0,3.0,1.25,1.25,7.5,3.0,3.0,7.5,Singles F1: 18th; Singles F2: 19th; Singles F3: 58th; Singles F4: 61st; Doubles F1: 8th; Doubles F2: 24th; Doubles F3: 21st; Doubles F4: 7th
21st,Ann Arbor Huron,58.2,30.8,85.6,34.44,34.44,8,3.0,1.25,3.0,10.0,0.5,0.5,7.5,5.0,Singles F1: 20th; Singles F2: 50th; Singles F3: 32nd; Singles F4: 4th; Doubles F1: 102nd; Doubles F2: 80th; Doubles F3: 7th; Doubles F4: 12th
22nd,Grosse Pointe South,58.0,28.0,88.0,31.68,31.68,8,5.0,0.5,1.25,1.25,5.0,5.0,5.0,5.0,Singles F1: 11th; Singles F2: 107th; Singles F3: 49th; Singles F4: 38th; Doubles F1: 13th; Doubles F2: 10th; Doubles F3: 13th; Doubles F4: 16th
23rd,Birmingham Groves,56.0,23.5,88.6,32.21,32.21,8,1.25,1.25,3.0,5.0,1.25,1.25,3.0,7.5,Singles F1: 58th; Singles F2: 37th; Singles F3: 18th; Singles F4: 12th; Doubles F1: 45th; Doubles F2: 49th; Doubles F3: 20th; Doubles F4: 6th
24th,Muskegon Mona Shores,55.8,26.5,85.2,22.62,22.62,8,7.5,11.25,1.25,3.0,1.25,0.5,1.25,0.5,Singles F1: 7th; Singles F2: 2nd; Singles F3: 59th; Singles F4: 21st; Doubles F1: 36th; Doubles F2: 66th; Doubles F3: 59th; Doubles F4: 65th
25th,Troy Athens,55.1,28.2,82.0,31.36,31.36,7,3.0,1.25,0.0,0.5,5.0,12.5,3.0,3.0,Singles F1: 32nd; Singles F2: 48th; Singles F3: 140th; Singles F4: 93rd; Doubles F1: 11th; Doubles F2: 1st; Doubles F3: 24th; Doubles F4: 31st
26th,East Grand Rapids,54.7,22.0,87.4,34.8,34.8,8,0.5,5.0,1.25,3.0,3.0,5.0,3.0,1.25,Singles F1: 66th; Singles F2: 13th; Singles F3: 38th; Singles F4: 31st; Doubles F1: 21st; Doubles F2: 16th; Doubles F3: 28th; Doubles F4: 57th
27th,Jackson Lumen Christi,52.6,19.2,85.9,27.51,27.51,8,0.5,3.0,1.25,0.5,3.0,5.0,3.0,3.0,Singles F1: 65th; Singles F2: 30th; Singles F3: 35th; Singles F4: 98th; Doubles F1: 20th; Doubles F2: 9th; Doubles F3: 18th; Doubles F4: 26th
28th,Haslett,52.1,19.0,85.2,30.12,30.12,8,7.5,1.25,3.0,3.0,0.5,1.25,1.25,1.25,Singles F1: 5th; Singles F2: 35th; Singles F3: 20th; Singles F4: 32nd; Doubles F1: 77th; Doubles F2: 35th; Doubles F3: 58th; Doubles F4: 53rd
29th,Rockford,51.9,18.0,85.8,30.07,30.07,8,0.5,3.0,1.25,3.0,1.25,3.0,3.0,3.0,Singles F1: 71st; Singles F2: 26th; Singles F3: 45th; Singles F4: 25th; Doubles F1: 47th; Doubles F2: 27th; Doubles F3: 31st; Doubles F4: 30th
30th,Holland West Ottawa,51.2,18.2,84.1,26.06,26.06,8,0.5,1.25,3.0,1.25,5.0,3.0,3.0,1.25,Singles F1: 95th; Singles F2: 46th; Singles F3: 31st; Singles F4: 62nd; Doubles F1: 12th; Doubles F2: 20th; Doubles F3: 29th; Doubles F4: 42nd
31st,Grosse Pointe Woods University Liggett,51.0,17.5,84.4,31.65,31.65,8,1.25,1.25,3.0,3.0,3.0,5.0,0.5,0.5,Singles F1: 42nd; Singles F2: 38th; Singles F3: 25th; Singles F4: 29th; Doubles F1: 17th; Doubles F2: 11th; Doubles F3: 73rd; Doubles F4: 96th
32nd,Ludington,50.9,19.2,82.6,25.95,25.95,8,0.5,3.0,3.0,7.5,3.0,1.25,0.5,0.5,Singles F1: 84th; Singles F2: 18th; Singles F3: 26th; Singles F4: 8th; Doubles F1: 32nd; Doubles F2: 54th; Doubles F3: 70th; Doubles F4: 76th
33rd,Ada Forest Hills Eastern,50.7,15.2,86.1,30.77,30.77,8,1.25,3.0,1.25,3.0,1.25,1.25,3.0,1.25,Singles F1: 48th; Singles F2: 28th; Singles F3: 39th; Singles F4: 20th; Doubles F1: 53rd; Doubles F2: 50th; Doubles F3: 25th; Doubles F4: 34th
34th,Berkley,50.5,16.5,84.5,30.53,30.53,8,3.0,3.0,5.0,1.25,1.25,1.25,0.5,1.25,Singles F1: 23rd; Singles F2: 31st; Singles F3: 16th; Singles F4: 49th; Doubles F1: 41st; Doubles F2: 39th; Doubles F3: 76th; Doubles F4: 55th
35th,Brighton,50.4,15.2,85.6,30.45,30.45,8,1.25,1.25,3.0,3.0,1.25,1.25,3.0,1.25,Singles F1: 55th; Singles F2: 40th; Singles F3: 23rd; Singles F4: 23rd; Doubles F1: 56th; Doubles F2: 44th; Doubles F3: 26th; Doubles F4: 39th
36th,Portage Central,48.5,12.8,84.2,29.3,29.3,8,3.0,0.5,1.25,1.25,1.25,1.25,3.0,1.25,Singles F1: 29th; Singles F2: 69th; Singles F3: 33rd; Singles F4: 35th; Doubles F1: 42nd; Doubles F2: 57th; Doubles F3: 30th; Doubles F4: 40th
37th,St. Joseph,47.7,12.8,82.6,28.34,28.34,8,3.0,3.0,1.25,1.25,1.25,0.5,1.25,1.25,Singles F1: 22nd; Singles F2: 25th; Singles F3: 40th; Singles F4: 59th; Doubles F1: 50th; Doubles F2: 75th; Doubles F3: 46th; Doubles F4: 52nd
38th,Rochester,47.4,11.8,83.0,30.61,30.61,8,1.25,1.25,3.0,1.25,1.25,1.25,1.25,1.25,Singles F1: 59th; Singles F2: 54th; Singles F3: 30th; Singles F4: 48th; Doubles F1: 44th; Doubles F2: 43rd; Doubles F3: 33rd; Doubles F4: 49th
39th,Grand Rapids Forest Hills Central,47.2,12.8,81.7,33.38,33.38,8,1.25,0.5,1.25,1.25,1.25,1.25,3.0,3.0,Singles F1: 53rd; Singles F2: 113th; Singles F3: 60th; Singles F4: 50th; Doubles F1: 37th; Doubles F2: 37th; Doubles F3: 17th; Doubles F4: 21st
40th,Rochester Hills Stoney Creek,46.9,14.0,79.8,28.11,28.11,8,1.25,1.25,1.25,3.0,5.0,1.25,0.5,0.5,Singles F1: 63rd; Singles F2: 47th; Singles F3: 41st; Singles F4: 28th; Doubles F1: 14th; Doubles F2: 42nd; Doubles F3: 106th; Doubles F4: 85th
41st,South Lyon East,46.6,15.8,77.4,25.59,25.59,7,5.0,0.5,3.0,5.0,0.0,0.5,0.5,1.25,Singles F1: 16th; Singles F2: 87th; Singles F3: 24th; Singles F4: 14th; Doubles F1: 138th; Doubles F2: 86th; Doubles F3: 65th; Doubles F4: 46th
42nd,Grand Rapids Christian,46.4,12.0,80.8,29.04,29.04,8,3.0,0.5,0.5,3.0,1.25,1.25,1.25,1.25,Singles F1: 31st; Singles F2: 119th; Singles F3: 65th; Singles F4: 19th; Doubles F1: 46th; Doubles F2: 51st; Doubles F3: 40th; Doubles F4: 35th
43rd,Grand Rapids South Christian,46.1,12.0,80.1,26.28,26.28,8,0.5,1.25,3.0,1.25,3.0,1.25,0.5,1.25,Singles F1: 74th; Singles F2: 58th; Singles F3: 28th; Singles F4: 45th; Doubles F1: 29th; Doubles F2: 53rd; Doubles F3: 69th; Doubles F4: 64th
44th,Northville,45.8,13.2,78.4,32.91,32.91,7,0.0,3.0,1.25,3.0,0.5,1.25,1.25,3.0,Singles F1: 129th; Singles F2: 24th; Singles F3: 61st; Singles F4: 24th; Doubles F1: 100th; Doubles F2: 63rd; Doubles F3: 34th; Doubles F4: 20th
45th,Traverse City Central,45.6,10.2,80.9,27.35,27.35,8,0.5,1.25,0.5,1.25,1.25,1.25,1.25,3.0,Singles F1: 85th; Singles F2: 33rd; Singles F3: 70th; Singles F4: 36th; Doubles F1: 60th; Doubles F2: 64th; Doubles F3: 36th; Doubles F4: 19th
46th,Allegan,45.4,16.0,74.8,26.5,26.5,8,0.5,3.0,0.5,0.5,3.0,7.5,0.5,0.5,Singles F1: 82nd; Singles F2: 29th; Singles F3: 89th; Singles F4: 114th; Doubles F1: 27th; Doubles F2: 6th; Doubles F3: 90th; Doubles F4: 93rd
47th,Paw Paw,45.4,14.2,76.5,24.63,24.63,8,0.5,0.5,0.5,0.5,3.0,7.5,1.25,0.5,Singles F1: 83rd; Singles F2: 89th; Singles F3: 79th; Singles F4: 88th; Doubles F1: 31st; Doubles F2: 8th; Doubles F3: 48th; Doubles F4: 69th
48th,Grand Rapids NorthPointe Christian,43.4,13.8,73.0,29.56,29.56,7,0.5,0.0,0.5,0.5,3.0,1.25,5.0,3.0,Singles F1: 91st; Singles F2: 213th; Singles F3: 100th; Singles F4: 71st; Doubles F1: 19th; Doubles F2: 34th; Doubles F3: 11th; Doubles F4: 29th
49th,Zeeland East,43.4,11.2,75.5,28.04,28.04,8,0.5,0.5,0.5,1.25,1.25,1.25,3.0,3.0,Singles F1: 124th; Singles F2: 118th; Singles F3: 88th; Singles F4: 46th; Doubles F1: 52nd; Doubles F2: 48th; Doubles F3: 22nd; Doubles F4: 17th
50th,Maple City Glen Lake,43.1,7.8,78.4,31.3,31.3,8,1.25,0.5,1.25,1.25,0.5,1.25,1.25,0.5,Singles F1: 34th; Singles F2: 68th; Singles F3: 48th; Singles F4: 33rd; Doubles F1: 106th; Doubles F2: 38th; Doubles F3: 61st; Doubles F4: 67th
51st,Big Rapids,42.9,9.8,76.1,25.53,25.53,8,0.5,3.0,3.0,0.5,1.25,0.5,0.5,0.5,Singles F1: 100th; Singles F2: 20th; Singles F3: 22nd; Singles F4: 96th; Doubles F1: 39th; Doubles F2: 89th; Doubles F3: 72nd; Doubles F4: 66th
52nd,Grand Ledge,42.3,12.2,72.4,23.55,23.55,6,0.5,1.25,1.25,5.0,1.25,3.0,0.0,0.0,Singles F1: 75th; Singles F2: 61st; Singles F3: 55th; Singles F4: 15th; Doubles F1: 59th; Doubles F2: 31st; Doubles F3: 150th; Doubles F4: 134th
53rd,Jenison,41.5,6.2,76.7,24.08,24.08,8,0.5,1.25,0.5,0.5,1.25,0.5,0.5,1.25,Singles F1: 103rd; Singles F2: 34th; Singles F3: 68th; Singles F4: 65th; Doubles F1: 34th; Doubles F2: 65th; Doubles F3: 67th; Doubles F4: 54th
54th,Berrien Springs,41.4,12.8,70.1,28.55,28.55,6,3.0,3.0,0.0,0.0,1.25,1.25,1.25,3.0,Singles F1: 17th; Singles F2: 32nd; Singles F3: 233rd; Singles F4: 175th; Doubles F1: 49th; Doubles F2: 46th; Doubles F3: 47th; Doubles F4: 28th
55th,Holt,41.3,7.8,74.9,27.46,27.46,8,0.5,0.5,1.25,0.5,1.25,1.25,1.25,1.25,Singles F1: 79th; Singles F2: 75th; Singles F3: 63rd; Singles F4: 73rd; Doubles F1: 61st; Doubles F2: 56th; Doubles F3: 63rd; Doubles F4: 59th
56th,Grandville Calvin Christian,41.1,8.5,73.7,24.5,24.5,8,0.5,0.5,0.5,0.5,5.0,0.5,0.5,0.5,Singles F1: 88th; Singles F2: 66th; Singles F3: 72nd; Singles F4: 69th; Doubles F1: 9th; Doubles F2: 94th; Doubles F3: 86th; Doubles F4: 68th
57th,Dewitt,41.1,8.0,74.2,31.72,31.72,8,0.5,1.25,0.5,0.5,0.5,1.25,0.5,3.0,Singles F1: 72nd; Singles F2: 64th; Singles F3: 118th; Singles F4: 87th; Doubles F1: 66th; Doubles F2: 33rd; Doubles F3: 85th; Doubles F4: 18th
58th,Saline,41.1,7.8,74.5,31.25,31.25,8,0.5,0.5,1.25,1.25,0.5,1.25,1.25,1.25,Singles F1: 114th; Singles F2: 108th; Singles F3: 34th; Singles F4: 37th; Doubles F1: 108th; Doubles F2: 45th; Doubles F3: 42nd; Doubles F4: 48th
59th,Mason,40.4,7.0,73.8,26.46,26.46,8,0.5,0.5,0.5,0.5,1.25,1.25,1.25,1.25,Singles F1: 73rd; Singles F2: 105th; Singles F3: 113th; Singles F4: 74th; Doubles F1: 62nd; Doubles F2: 36th; Doubles F3: 50th; Doubles F4: 37th
60th,Sturgis,40.3,6.2,74.3,27.05,27.05,8,0.5,0.5,0.5,1.25,0.5,0.5,1.25,1.25,Singles F1: 92nd; Singles F2: 83rd; Singles F3: 78th; Singles F4: 44th; Doubles F1: 76th; Doubles F2: 72nd; Doubles F3: 55th; Doubles F4: 41st
61st,Mattawan,40.2,9.5,70.9,26.81,26.81,7,5.0,0.5,0.5,0.0,0.5,1.25,1.25,0.5,Singles F1: 12th; Singles F2: 72nd; Singles F3: 69th; Singles F4: 139th; Doubles F1: 115th; Doubles F2: 55th; Doubles F3: 62nd; Doubles F4: 86th
62nd,Richland Gull Lake,40.1,8.2,71.9,27.17,27.17,7,0.0,3.0,1.25,0.5,1.25,1.25,0.5,0.5,Singles F1: 131st; Singles F2: 21st; Singles F3: 37th; Singles F4: 107th; Doubles F1: 40th; Doubles F2: 47th; Doubles F3: 123rd; Doubles F4: 84th
63rd,Lansing Catholic,39.6,8.2,70.9,25.16,25.16,7,1.25,1.25,1.25,0.5,0.0,3.0,0.5,0.5,Singles F1: 39th; Singles F2: 45th; Singles F3: 53rd; Singles F4: 90th; Doubles F1: 148th; Doubles F2: 26th; Doubles F3: 121st; Doubles F4: 88th
64th,Traverse City West,39.1,5.5,72.7,27.28,27.28,8,0.5,0.5,0.5,0.5,0.5,1.25,0.5,1.25,Singles F1: 102nd; Singles F2: 78th; Singles F3: 75th; Singles F4: 68th; Doubles F1: 71st; Doubles F2: 59th; Doubles F3: 83rd; Doubles F4: 38th
65th,Romeo,39.0,7.2,70.7,27.93,27.93,7,1.25,1.25,1.25,0.5,1.25,1.25,0.5,0.0,Singles F1: 52nd; Singles F2: 51st; Singles F3: 50th; Singles F4: 111th; Doubles F1: 57th; Doubles F2: 58th; Doubles F3: 107th; Doubles F4: 130th
66th,Grand Haven,38.9,8.5,69.2,27.53,27.53,6,1.25,1.25,1.25,3.0,0.0,0.0,0.5,1.25,Singles F1: 47th; Singles F2: 39th; Singles F3: 57th; Singles F4: 22nd; Doubles F1: 160th; Doubles F2: 137th; Doubles F3: 122nd; Doubles F4: 62nd
67th,Saginaw Heritage,38.8,6.2,71.4,22.82,22.82,8,1.25,1.25,0.5,1.25,0.5,0.5,0.5,0.5,Singles F1: 61st; Singles F2: 60th; Singles F3: 71st; Singles F4: 54th; Doubles F1: 91st; Doubles F2: 78th; Doubles F3: 88th; Doubles F4: 98th
68th,Utica Eisenhower,38.4,7.2,69.5,29.14,29.14,7,1.25,0.0,1.25,1.25,0.5,0.5,1.25,1.25,Singles F1: 60th; Singles F2: 220th; Singles F3: 43rd; Singles F4: 51st; Doubles F1: 86th; Doubles F2: 85th; Doubles F3: 52nd; Doubles F4: 43rd
69th,Midland,38.2,6.2,70.2,25.15,25.15,8,0.5,1.25,0.5,1.25,1.25,0.5,0.5,0.5,Singles F1: 87th; Singles F2: 56th; Singles F3: 97th; Singles F4: 58th; Doubles F1: 48th; Doubles F2: 109th; Doubles F3: 79th; Doubles F4: 92nd
70th,St. Clair,37.3,5.8,68.9,25.45,25.45,7,0.0,0.5,0.5,1.25,1.25,1.25,0.5,0.5,Singles F1: 139th; Singles F2: 86th; Singles F3: 101st; Singles F4: 63rd; Doubles F1: 63rd; Doubles F2: 52nd; Doubles F3: 66th; Doubles F4: 82nd
71st,Hartland,37.0,7.5,66.5,24.32,24.32,7,0.0,0.5,0.5,1.25,0.5,0.5,1.25,3.0,Singles F1: 150th; Singles F2: 115th; Singles F3: 87th; Singles F4: 40th; Doubles F1: 114th; Doubles F2: 106th; Doubles F3: 64th; Doubles F4: 27th
72nd,West Bloomfield,36.7,6.5,66.8,29.66,29.66,5,0.5,1.25,0.0,0.5,0.0,1.25,0.0,3.0,Singles F1: 113th; Singles F2: 41st; Singles F3: 132nd; Singles F4: 83rd; Doubles F1: 129th; Doubles F2: 40th; Doubles F3: 134th; Doubles F4: 23rd
73rd,Canton,36.4,7.0,65.8,26.73,26.73,6,0.0,0.5,1.25,0.5,0.5,0.0,1.25,3.0,Singles F1: 130th; Singles F2: 71st; Singles F3: 64th; Singles F4: 92nd; Doubles F1: 110th; Doubles F2: 187th; Doubles F3: 38th; Doubles F4: 24th
74th,Grand Rapids Catholic Central,36.2,5.5,67.0,29.13,29.13,8,0.5,0.5,1.25,0.5,0.5,1.25,0.5,0.5,Singles F1: 110th; Singles F2: 120th; Singles F3: 62nd; Singles F4: 117th; Doubles F1: 81st; Doubles F2: 41st; Doubles F3: 74th; Doubles F4: 87th
75th,Dexter,35.9,5.2,66.6,29.2,29.2,6,0.0,0.5,1.25,1.25,0.0,0.5,1.25,0.5,Singles F1: 133rd; Singles F2: 74th; Singles F3: 36th; Singles F4: 56th; Doubles F1: 203rd; Doubles F2: 83rd; Doubles F3: 43rd; Doubles F4: 72nd
76th,Battle Creek Lakeview,35.7,4.5,66.8,25.5,25.5,6,0.5,0.5,0.5,1.25,0.0,0.0,1.25,0.5,Singles F1: 81st; Singles F2: 82nd; Singles F3: 73rd; Singles F4: 55th; Doubles F1: 136th; Doubles F2: 141st; Doubles F3: 49th; Doubles F4: 78th
77th,Detroit U-D Jesuit,34.8,8.5,61.1,35.37,35.37,5,1.25,0.5,1.25,0.0,0.5,5.0,0.0,0.0,Singles F1: 45th; Singles F2: 90th; Singles F3: 56th; Singles F4: 131st; Doubles F1: 120th; Doubles F2: 12th; Doubles F3: 191st; Doubles F4: 169th
78th,Grand Blanc,34.6,4.5,64.7,25.76,25.76,6,0.5,0.5,0.0,1.25,1.25,0.5,0.5,0.0,Singles F1: 77th; Singles F2: 67th; Singles F3: 155th; Singles F4: 43rd; Doubles F1: 54th; Doubles F2: 108th; Doubles F3: 87th; Doubles F4: 149th
79th,Zeeland West,34.5,5.0,64.0,29.8,29.8,7,0.5,0.5,1.25,0.5,0.0,0.5,1.25,0.5,Singles F1: 123rd; Singles F2: 70th; Singles F3: 47th; Singles F4: 116th; Doubles F1: 156th; Doubles F2: 70th; Doubles F3: 45th; Doubles F4: 126th
80th,Southgate Anderson,34.3,5.5,63.2,26.68,26.68,8,1.25,0.5,1.25,0.5,0.5,0.5,0.5,0.5,Singles F1: 38th; Singles F2: 110th; Singles F3: 51st; Singles F4: 112th; Doubles F1: 117th; Doubles F2: 110th; Doubles F3: 111th; Doubles F4: 122nd
81st,Hudsonville,34.2,7.2,61.1,31.44,31.44,5,3.0,1.25,0.0,1.25,0.0,0.0,0.5,1.25,Singles F1: 30th; Singles F2: 55th; Singles F3: 207th; Singles F4: 64th; Doubles F1: 157th; Doubles F2: 129th; Doubles F3: 110th; Doubles F4: 63rd
82nd,St. Johns,34.2,6.0,62.5,25.16,25.16,7,3.0,0.5,0.5,0.0,0.5,0.5,0.5,0.5,Singles F1: 19th; Singles F2: 103rd; Singles F3: 109th; Singles F4: 172nd; Doubles F1: 80th; Doubles F2: 98th; Doubles F3: 78th; Doubles F4: 127th
83rd,Grandville,34.1,7.0,61.1,30.08,30.08,6,0.5,1.25,3.0,0.5,0.0,0.5,0.0,1.25,Singles F1: 107th; Singles F2: 43rd; Singles F3: 27th; Singles F4: 66th; Doubles F1: 220th; Doubles F2: 90th; Doubles F3: 203rd; Doubles F4: 58th
84th,Plymouth,34.0,3.8,64.2,26.98,26.98,6,0.0,0.5,0.5,0.5,0.5,0.5,1.25,0.0,Singles F1: 132nd; Singles F2: 73rd; Singles F3: 85th; Singles F4: 86th; Doubles F1: 104th; Doubles F2: 68th; Doubles F3: 37th; Doubles F4: 165th
85th,Port Huron Northern,33.8,4.5,63.0,23.68,23.68,6,0.0,0.5,0.5,1.25,0.5,0.5,0.0,1.25,Singles F1: 138th; Singles F2: 85th; Singles F3: 82nd; Singles F4: 52nd; Doubles F1: 93rd; Doubles F2: 114th; Doubles F3: 166th; Doubles F4: 44th
86th,Edwardsburg,33.7,4.2,63.1,18.38,18.38,7,0.5,0.5,0.5,0.5,0.0,0.5,1.25,0.5,Singles F1: 96th; Singles F2: 65th; Singles F3: 121st; Singles F4: 110th; Doubles F1: 150th; Doubles F2: 67th; Doubles F3: 51st; Doubles F4: 112th
87th,Kalamazoo Christian,33.6,3.8,63.5,24.28,24.28,6,0.0,0.0,0.5,0.5,1.25,0.5,0.5,0.5,Singles F1: 154th; Singles F2: 154th; Singles F3: 74th; Singles F4: 79th; Doubles F1: 43rd; Doubles F2: 92nd; Doubles F3: 89th; Doubles F4: 79th
88th,Hamilton,33.4,4.2,62.5,27.49,27.49,7,0.5,0.5,0.5,1.25,0.0,0.5,0.5,0.5,Singles F1: 109th; Singles F2: 112th; Singles F3: 84th; Singles F4: 41st; Doubles F1: 151st; Doubles F2: 91st; Doubles F3: 124th; Doubles F4: 74th
89th,Parma Western,33.3,4.2,62.4,28.3,28.3,7,1.25,0.5,0.5,0.5,0.5,0.5,0.0,0.5,Singles F1: 35th; Singles F2: 95th; Singles F3: 105th; Singles F4: 127th; Doubles F1: 67th; Doubles F2: 73rd; Doubles F3: 167th; Doubles F4: 118th
90th,Portage Northern,33.2,3.5,62.9,24.66,24.66,7,0.5,0.5,0.5,0.5,0.5,0.5,0.0,0.5,Singles F1: 78th; Singles F2: 76th; Singles F3: 107th; Singles F4: 77th; Doubles F1: 72nd; Doubles F2: 96th; Doubles F3: 153rd; Doubles F4: 117th
91st,Lake Orion,33.1,4.5,61.6,25.84,25.84,6,1.25,0.5,1.25,0.0,0.5,0.0,0.5,0.5,Singles F1: 62nd; Singles F2: 91st; Singles F3: 42nd; Singles F4: 176th; Doubles F1: 90th; Doubles F2: 136th; Doubles F3: 117th; Doubles F4: 89th
92nd,Sparta,33.1,3.5,62.6,23.44,23.44,7,0.5,0.0,0.5,0.5,0.5,0.5,0.5,0.5,Singles F1: 111th; Singles F2: 148th; Singles F3: 77th; Singles F4: 82nd; Doubles F1: 107th; Doubles F2: 97th; Doubles F3: 77th; Doubles F4: 83rd
93rd,Macomb L'Anse Creuse North,32.7,3.0,62.3,26.5,26.5,6,0.0,0.5,0.5,0.5,0.5,0.5,0.0,0.5,Singles F1: 137th; Singles F2: 81st; Singles F3: 81st; Singles F4: 94th; Doubles F1: 94th; Doubles F2: 69th; Doubles F3: 162nd; Doubles F4: 71st
94th,Grosse Ile,32.6,6.2,58.9,26.46,26.46,6,1.25,0.5,0.0,0.0,3.0,0.5,0.5,0.5,Singles F1: 43rd; Singles F2: 109th; Singles F3: 204th; Singles F4: 157th; Doubles F1: 30th; Doubles F2: 124th; Doubles F3: 120th; Doubles F4: 73rd
95th,Coopersville,31.8,3.8,59.9,20.91,20.91,6,0.0,0.0,0.5,0.5,0.5,1.25,0.5,0.5,Singles F1: 175th; Singles F2: 160th; Singles F3: 116th; Singles F4: 101st; Doubles F1: 68th; Doubles F2: 61st; Doubles F3: 81st; Doubles F4: 77th
96th,Goodrich,31.7,4.0,59.4,20.99,20.99,5,1.25,1.25,0.0,0.0,0.5,0.5,0.5,0.0,Singles F1: 54th; Singles F2: 57th; Singles F3: 134th; Singles F4: 155th; Doubles F1: 97th; Doubles F2: 125th; Doubles F3: 93rd; Doubles F4: 135th
97th,East Kentwood,31.6,4.0,59.3,25.2,25.2,5,0.5,0.0,1.25,0.5,0.5,0.0,0.0,1.25,Singles F1: 69th; Singles F2: 155th; Singles F3: 44th; Singles F4: 104th; Doubles F1: 92nd; Doubles F2: 178th; Doubles F3: 149th; Doubles F4: 61st
98th,Clinton Township Chippewa Valley,31.5,3.8,59.2,23.91,23.91,6,0.5,0.5,0.5,0.0,0.0,0.5,1.25,0.5,Singles F1: 119th; Singles F2: 100th; Singles F3: 91st; Singles F4: 132nd; Doubles F1: 171st; Doubles F2: 102nd; Doubles F3: 57th; Doubles F4: 81st
99th,Middleville Thornapple Kellogg,31.4,3.8,59.1,26.34,26.34,6,0.5,0.0,0.5,0.5,1.25,0.0,0.5,0.5,Singles F1: 76th; Singles F2: 195th; Singles F3: 106th; Singles F4: 78th; Doubles F1: 38th; Doubles F2: 142nd; Doubles F3: 125th; Doubles F4: 95th
100th,Trenton,31.2,5.0,57.5,22.22,22.22,7,0.0,1.25,1.25,0.5,0.5,0.5,0.5,0.5,Singles F1: 206th; Singles F2: 63rd; Singles F3: 54th; Singles F4: 118th; Doubles F1: 124th; Doubles F2: 105th; Doubles F3: 104th; Doubles F4: 115th
101st,Gibraltar Carlson,30.9,4.0,57.8,24.43,24.43,5,0.0,0.5,0.0,0.5,0.5,0.0,1.25,1.25,Singles F1: 152nd; Singles F2: 114th; Singles F3: 137th; Singles F4: 119th; Doubles F1: 119th; Doubles F2: 130th; Doubles F3: 60th; Doubles F4: 51st
102nd,Traverse City St Francis,30.7,3.5,57.9,30.7,30.7,7,0.5,0.5,0.5,0.5,0.5,0.5,0.5,0.0,Singles F1: 106th; Singles F2: 121st; Singles F3: 104th; Singles F4: 89th; Doubles F1: 65th; Doubles F2: 95th; Doubles F3: 96th; Doubles F4: 204th
103rd,Dearborn Divine Child,30.6,3.2,57.9,25.72,25.72,5,0.0,0.0,0.5,0.5,1.25,0.5,0.0,0.5,Singles F1: 145th; Singles F2: 150th; Singles F3: 80th; Singles F4: 72nd; Doubles F1: 58th; Doubles F2: 104th; Doubles F3: 156th; Doubles F4: 116th
104th,Salem,30.4,12.8,48.1,30.52,30.52,4,11.25,0.0,0.5,0.0,0.5,0.5,0.0,0.0,Singles F1: 2nd; Singles F2: 210th; Singles F3: 86th; Singles F4: 207th; Doubles F1: 116th; Doubles F2: 77th; Doubles F3: 188th; Doubles F4: 198th
105th,New Baltimore Anchor Bay,30.3,4.8,55.9,24.99,24.99,5,1.25,0.0,0.0,1.25,0.0,0.5,1.25,0.5,Singles F1: 44th; Singles F2: 252nd; Singles F3: 158th; Singles F4: 53rd; Doubles F1: 188th; Doubles F2: 101st; Doubles F3: 56th; Doubles F4: 70th
106th,Pontiac Notre Dame Prep,29.7,4.0,55.5,27.03,27.03,5,1.25,0.5,0.0,0.5,0.5,1.25,0.0,0.0,Singles F1: 49th; Singles F2: 88th; Singles F3: 160th; Singles F4: 122nd; Doubles F1: 70th; Doubles F2: 60th; Doubles F3: 192nd; Doubles F4: 190th
107th,Petoskey,29.6,3.5,55.7,28.98,28.98,4,1.25,1.25,0.5,0.5,0.0,0.0,0.0,0.0,Singles F1: 33rd; Singles F2: 36th; Singles F3: 67th; Singles F4: 67th; Doubles F1: 207th; Doubles F2: 186th; Doubles F3: 178th; Doubles F4: 151st
108th,Grand Rapids West Catholic,29.4,3.8,55.1,29.22,29.22,6,0.5,0.5,0.5,0.5,1.25,0.5,0.0,0.0,Singles F1: 101st; Singles F2: 116th; Singles F3: 93rd; Singles F4: 103rd; Doubles F1: 33rd; Doubles F2: 100th; Doubles F3: 201st; Doubles F4: 191st
109th,Jackson Northwests,29.2,3.2,55.1,22.76,22.76,5,0.0,0.5,0.5,0.5,0.0,1.25,0.5,0.0,Singles F1: 170th; Singles F2: 102nd; Singles F3: 90th; Singles F4: 97th; Doubles F1: 155th; Doubles F2: 62nd; Doubles F3: 82nd; Doubles F4: 180th
110th,Battle Creek Harper Creek,29.1,3.5,54.8,21.46,21.46,4,0.0,0.5,0.5,1.25,0.0,0.0,1.25,0.0,Singles F1: 144th; Singles F2: 96th; Singles F3: 99th; Singles F4: 47th; Doubles F1: 176th; Doubles F2: 183rd; Doubles F3: 44th; Doubles F4: 156th
111th,Kalamazoo Hackett Catholic Prep,28.9,4.0,53.8,22.9,22.9,5,0.5,1.25,0.5,0.5,1.25,0.0,0.0,0.0,Singles F1: 121st; Singles F2: 44th; Singles F3: 125th; Singles F4: 106th; Doubles F1: 64th; Doubles F2: 189th; Doubles F3: 161st; Doubles F4: 155th
112th,Allen Park,28.9,3.5,54.4,21.76,21.76,4,1.25,0.0,1.25,0.0,0.5,0.0,0.5,0.0,Singles F1: 36th; Singles F2: 162nd; Singles F3: 52nd; Singles F4: 190th; Doubles F1: 125th; Doubles F2: 131st; Doubles F3: 112th; Doubles F4: 145th
113th,Bay City John Glenn,28.8,2.5,55.1,23.25,23.25,5,0.5,0.0,0.5,0.5,0.5,0.0,0.0,0.5,Singles F1: 93rd; Singles F2: 140th; Singles F3: 95th; Singles F4: 100th; Doubles F1: 89th; Doubles F2: 175th; Doubles F3: 147th; Doubles F4: 99th
114th,Farmington,28.6,4.0,53.2,23.7,23.7,5,1.25,1.25,0.0,0.5,0.5,0.5,0.0,0.0,Singles F1: 57th; Singles F2: 49th; Singles F3: 161st; Singles F4: 84th; Doubles F1: 111th; Doubles F2: 118th; Doubles F3: 138th
115th,Warren De La Salle Collegiate,28.5,3.2,53.8,27.29,27.29,5,1.25,0.0,0.0,0.0,0.5,0.5,0.5,0.5,Singles F1: 64th; Singles F2: 146th; Singles F3: 166th; Singles F4: 136th; Doubles F1: 121st; Doubles F2: 121st; Doubles F3: 115th; Doubles F4: 97th
116th,Fowlerville,28.5,2.0,55.1,24.82,24.82,4,0.0,0.0,0.5,0.0,0.5,0.5,0.5,0.0,Singles F1: 135th; Singles F2: 180th; Singles F3: 119th; Singles F4: 138th; Doubles F1: 69th; Doubles F2: 71st; Doubles F3: 91st; Doubles F4: 136th
117th,Vicksburg,28.4,3.8,53.0,28.07,28.07,6,0.0,0.5,0.5,0.5,0.0,0.5,1.25,0.5,Singles F1: 159th; Singles F2: 93rd; Singles F3: 123rd; Singles F4: 108th; Doubles F1: 214th; Doubles F2: 127th; Doubles F3: 54th; Doubles F4: 104th
118th,Bay City Western,28.0,1.5,54.5,25.36,25.36,3,0.0,0.0,0.0,0.5,0.0,0.0,0.5,0.5,Singles F1: 160th; Singles F2: 132nd; Singles F3: 138th; Singles F4: 75th; Doubles F1: 141st; Doubles F2: 134th; Doubles F3: 80th; Doubles F4: 90th
119th,Mount Pleasant,27.6,3.5,51.8,25.67,25.67,4,0.5,1.25,0.0,1.25,0.0,0.0,0.0,0.5,Singles F1: 86th; Singles F2: 59th; Singles F3: 163rd; Singles F4: 42nd; Doubles F1: 135th; Doubles F3: 139th; Doubles F4: 123rd
120th,Essexville Garber,27.4,2.0,52.8,23.33,23.33,4,0.0,0.0,0.0,0.5,0.5,0.5,0.5,0.0,Singles F1: 157th; Singles F2: 133rd; Singles F3: 146th; Singles F4: 123rd; Doubles F1: 88th; Doubles F2: 112th; Doubles F3: 98th; Doubles F4: 129th
121st,Marshall,27.3,2.5,52.1,24.16,24.16,5,0.0,0.0,0.5,0.5,0.5,0.0,0.5,0.5,Singles F1: 223rd; Singles F2: 147th; Singles F3: 94th; Singles F4: 109th; Doubles F1: 73rd; Doubles F2: 160th; Doubles F3: 84th; Doubles F4: 110th
122nd,East Lansing,27.3,2.5,52.0,27.01,27.01,5,0.5,0.0,0.0,0.5,0.5,0.5,0.5,0.0,Singles F1: 80th; Singles F2: 129th; Singles F3: 241st; Singles F4: 76th; Doubles F1: 83rd; Doubles F2: 120th; Doubles F3: 68th; Doubles F4: 205th
123rd,Temperance Bedford,27.2,2.8,51.7,26.69,26.69,4,0.5,0.0,0.0,0.0,0.5,0.5,1.25,0.0,Singles F1: 118th; Singles F2: 143rd; Singles F3: 157th; Singles F4: 223rd; Doubles F1: 103rd; Doubles F2: 81st; Doubles F3: 41st; Doubles F4: 142nd
124th,Coldwater,27.1,2.5,51.7,21.82,21.82,5,0.0,0.0,0.5,0.5,0.5,0.5,0.5,0.0,Singles F1: 179th; Singles F2: 156th; Singles F3: 111th; Singles F4: 113th; Doubles F1: 118th; Doubles F2: 74th; Doubles F3: 119th; Doubles F4: 138th
125th,Utica Ford,26.8,3.2,50.3,28.4,28.4,5,1.25,0.0,0.5,0.5,0.5,0.5,0.0,0.0,Singles F1: 46th; Singles F2: 197th; Singles F3: 92nd; Singles F4: 95th; Doubles F1: 79th; Doubles F2: 122nd; Doubles F3: 213th; Doubles F4: 193rd
126th,Kalamazoo Central,26.4,1.5,51.4,21.36,21.36,3,0.0,0.0,0.5,0.0,0.0,0.5,0.5,0.0,Singles F1: 178th; Singles F2: 182nd; Singles F3: 66th; Singles F4: 143rd; Doubles F1: 132nd; Doubles F2: 76th; Doubles F3: 71st; Doubles F4: 167th
127th,Fraser,26.3,2.0,50.5,22.85,22.85,4,0.0,0.5,0.0,0.0,0.5,0.5,0.5,0.0,Singles F1: 190th; Singles F2: 123rd; Singles F3: 149th; Singles F4: 147th; Doubles F1: 84th; Doubles F2: 87th; Doubles F3: 113th; Doubles F4: 140th
128th,Kalamazoo Loy Norrix,26.1,2.0,50.3,24.0,24.0,4,0.5,0.0,0.5,0.0,0.0,0.5,0.0,0.5,Singles F1: 108th; Singles F2: 159th; Singles F3: 117th; Singles F4: 141st; Doubles F1: 133rd; Doubles F2: 79th; Doubles F3: 176th; Doubles F4: 125th
129th,Three Rivers,26.0,2.2,49.8,23.88,23.88,3,0.0,0.5,0.0,0.5,0.0,0.0,1.25,0.0,Singles F1: 165th; Singles F2: 84th; Singles F3: 141st; Singles F4: 80th; Doubles F1: 158th; Doubles F2: 221st; Doubles F3: 53rd; Doubles F4: 146th
130th,Lake Fenton,26.0,2.0,50.0,22.68,22.68,4,0.0,0.0,0.0,0.0,0.5,0.5,0.5,0.5,Singles F1: 173rd; Singles F2: 191st; Singles F3: 136th; Singles F4: 144th; Doubles F1: 82nd; Doubles F2: 99th; Doubles F3: 99th; Doubles F4: 120th
131st,Milford,25.9,2.0,49.7,24.02,24.02,4,0.0,0.5,0.0,0.0,0.0,0.5,0.5,0.5,Singles F1: 149th; Singles F2: 124th; Singles F3: 153rd; Singles F4: 151st; Doubles F1: 146th; Doubles F2: 116th; Doubles F3: 103rd; Doubles F4: 108th
132nd,Spring Lake,25.5,2.2,48.7,27.59,27.59,3,0.5,0.5,1.25,0.0,0.0,0.0,0.0,0.0,Singles F1: 89th; Singles F2: 117th; Singles F3: 46th; Singles F4: 174th; Doubles F1: 167th; Doubles F2: 177th; Doubles F3: 148th; Doubles F4: 153rd
133rd,Royal Oak,25.3,3.5,47.1,25.0,25.0,4,0.0,1.25,0.0,0.0,0.5,0.5,0.0,1.25,Singles F1: 228th; Singles F2: 62nd; Singles F3: 184th; Singles F4: 186th; Doubles F1: 87th; Doubles F2: 123rd; Doubles F3: 174th; Doubles F4: 60th
134th,Sandusky,25.1,2.2,47.9,22.22,22.22,3,0.0,0.0,0.0,0.0,1.25,0.0,0.5,0.5,Singles F1: 141st; Singles F2: 138th; Singles F3: 154th; Singles F4: 181st; Doubles F1: 55th; Doubles F2: 199th; Doubles F3: 116th; Doubles F4: 103rd
135th,Holly,25.1,2.0,48.2,23.07,23.07,4,0.0,0.0,0.0,0.0,0.5,0.5,0.5,0.5,Singles F1: 191st; Singles F2: 130th; Singles F3: 167th; Singles F4: 191st; Doubles F1: 99th; Doubles F2: 107th; Doubles F3: 105th; Doubles F4: 91st
136th,Portland,24.7,2.0,47.4,24.56,24.56,4,0.5,0.0,0.0,0.0,0.5,0.5,0.0,0.5,Singles F1: 128th; Singles F2: 198th; Singles F3: 179th; Singles F4: 173rd; Doubles F1: 85th; Doubles F2: 82nd; Doubles F3: 159th; Doubles F4: 94th
137th,Saginaw Nouvel Catholic Central,24.4,1.5,47.3,25.1,25.1,3,0.0,0.0,0.0,0.5,0.5,0.5,0.0,0.0,Singles F1: 197th; Singles F2: 139th; Singles F3: 172nd; Singles F4: 125th; Doubles F1: 78th; Doubles F2: 113th; Doubles F3: 144th; Doubles F4: 131st
138th,Greenville,24.1,2.0,46.3,25.3,25.3,4,0.5,0.0,0.0,0.0,0.5,0.5,0.5,0.0,Singles F1: 112th; Singles F2: 189th; Singles F3: 183rd; Singles F4: 200th; Doubles F1: 101st; Doubles F2: 93rd; Doubles F3: 95th; Doubles F4: 148th
139th,Clio,23.9,2.8,45.1,19.02,19.02,4,0.0,0.0,0.0,0.5,0.5,0.0,0.5,1.25,Singles F1: 192nd; Singles F2: 245th; Singles F3: 145th; Singles F4: 120th; Doubles F1: 96th; Doubles F2: 174th; Doubles F3: 128th; Doubles F4: 45th
140th,Owosso,23.9,1.5,46.2,21.05,21.05,3,0.0,0.0,0.0,0.0,0.5,0.0,0.5,0.5,Singles F1: 185th; Singles F2: 192nd; Singles F3: 139th; Singles F4: 166th; Doubles F1: 74th; Doubles F2: 155th; Doubles F3: 100th; Doubles F4: 111th
141st,Imlay City,23.7,1.5,45.8,21.04,21.04,3,0.0,0.5,0.5,0.5,0.0,0.0,0.0,0.0,Singles F1: 140th; Singles F2: 111th; Singles F3: 120th; Singles F4: 102nd; Doubles F1: 172nd; Doubles F2: 200th; Doubles F3: 129th; Doubles F4: 157th
142nd,Oxford,23.6,2.0,45.1,21.43,21.43,4,0.5,0.5,0.0,0.5,0.0,0.0,0.0,0.5,Singles F1: 97th; Singles F2: 128th; Singles F3: 133rd; Singles F4: 126th; Doubles F1: 130th; Doubles F2: 162nd; Doubles F4: 109th
143rd,Marysville,23.6,1.0,46.3,20.09,20.09,2,0.0,0.0,0.0,0.0,0.5,0.0,0.0,0.5,Singles F1: 142nd; Singles F2: 136th; Singles F3: 159th; Singles F4: 168th; Doubles F1: 112th; Doubles F2: 132nd; Doubles F3: 165th; Doubles F4: 107th
144th,Dearborn,23.6,1.0,46.2,24.28,24.28,2,0.5,0.0,0.0,0.0,0.0,0.0,0.0,0.5,Singles F1: 94th; Singles F2: 134th; Singles F3: 162nd; Singles F4: 161st; Doubles F1: 190th; Doubles F2: 145th; Doubles F3: 131st; Doubles F4: 105th
145th,Livonia Stevenson,23.4,2.0,44.9,20.97,20.97,4,0.5,0.0,0.0,0.0,0.5,0.0,0.5,0.5,Singles F1: 117th; Singles F2: 244th; Singles F3: 200th; Singles F4: 135th; Doubles F1: 105th; Doubles F2: 146th; Doubles F3: 102nd; Doubles F4: 101st
146th,South Lyon,23.4,1.0,45.8,26.46,26.46,2,0.0,0.5,0.0,0.0,0.0,0.0,0.0,0.5,Singles F1: 143rd; Singles F2: 98th; Singles F3: 156th; Singles F4: 179th; Doubles F1: 145th; Doubles F2: 143rd; Doubles F3: 154th; Doubles F4: 113th
147th,West Bloomfield FJA,23.1,1.5,44.7,21.6,21.6,3,0.0,0.5,0.5,0.5,0.0,0.0,0.0,0.0,Singles F1: 147th; Singles F2: 79th; Singles F3: 83rd; Singles F4: 99th; Doubles F1: 192nd; Doubles F3: 151st; Doubles F4: 143rd
148th,North Muskegon,22.8,2.5,43.2,22.61,22.61,5,0.5,0.5,0.0,0.0,0.0,0.5,0.5,0.5,Singles F1: 127th; Singles F2: 122nd; Singles F3: 213th; Doubles F1: 149th; Doubles F2: 111th; Doubles F3: 75th; Doubles F4: 128th
149th,Walled Lake Northern,22.8,1.8,43.9,25.26,25.26,2,0.0,1.25,0.0,0.0,0.0,0.5,0.0,0.0,Singles F1: 148th; Singles F2: 42nd; Singles F3: 173rd; Singles F4: 150th; Doubles F1: 229th; Doubles F2: 117th; Doubles F3: 179th; Doubles F4: 133rd
150th,Caledonia,22.5,1.8,43.3,26.29,26.29,2,0.0,0.0,0.0,0.0,1.25,0.0,0.5,0.0,Singles F1: 161st; Singles F2: 168th; Singles F3: 208th; Singles F4: 195th; Doubles F1: 35th; Doubles F2: 159th; Doubles F3: 109th; Doubles F4: 147th
151st,Williamston,22.3,1.5,43.1,26.52,26.52,3,0.0,0.5,0.5,0.5,0.0,0.0,0.0,0.0,Singles F1: 136th; Singles F2: 104th; Singles F3: 76th; Singles F4: 105th; Doubles F1: 223rd; Doubles F2: 209th; Doubles F3: 183rd; Doubles F4: 152nd
152nd,Utica,22.2,2.2,42.2,26.06,26.06,3,0.0,0.0,0.0,1.25,0.0,0.5,0.0,0.5,Singles F1: 189th; Singles F2: 219th; Singles F3: 147th; Singles F4: 60th; Doubles F1: 213th; Doubles F2: 88th; Doubles F3: 210th; Doubles F4: 80th
153rd,Cadillac,21.8,2.2,41.4,26.75,26.75,3,0.5,1.25,0.5,0.0,0.0,0.0,0.0,0.0,Singles F1: 90th; Singles F2: 53rd; Singles F3: 96th; Singles F4: 171st; Doubles F1: 196th; Doubles F2: 216th; Doubles F3: 209th; Doubles F4: 192nd
154th,Grosse Pointe North,21.7,1.8,41.7,26.8,26.8,2,1.25,0.5,0.0,0.0,0.0,0.0,0.0,0.0,Singles F1: 50th; Singles F2: 106th; Singles F3: 148th; Singles F4: 145th; Doubles F1: 187th; Doubles F2: 217th; Doubles F3: 163rd; Doubles F4: 201st
155th,North Farmington,21.3,1.0,41.6,25.58,25.58,2,0.5,0.5,0.0,0.0,0.0,0.0,0.0,0.0,Singles F1: 70th; Singles F2: 94th; Singles F3: 192nd; Singles F4: 178th; Doubles F1: 137th; Doubles F2: 168th; Doubles F3: 198th; Doubles F4: 181st
156th,Ann Arbor Father Gabriel Richard,21.0,1.0,40.9,26.14,26.14,2,0.0,0.0,0.0,0.0,0.5,0.0,0.0,0.5,Singles F1: 193rd; Singles F2: 203rd; Singles F3: 165th; Singles F4: 137th; Doubles F1: 122nd; Doubles F2: 165th; Doubles F3: 133rd; Doubles F4: 114th
157th,Whitehall,20.8,1.5,40.1,25.0,25.0,3,0.5,0.0,0.5,0.0,0.0,0.0,0.0,0.5,Singles F1: 126th; Singles F2: 212th; Singles F3: 122nd; Singles F4: 165th; Doubles F1: 186th; Doubles F2: 157th; Doubles F3: 158th; Doubles F4: 124th
158th,Flint Powers Catholic,20.7,1.0,40.4,28.3,28.3,2,0.0,0.0,0.5,0.0,0.0,0.0,0.5,0.0,Singles F1: 172nd; Singles F2: 161st; Singles F3: 126th; Singles F4: 146th; Doubles F1: 169th; Doubles F2: 181st; Doubles F3: 92nd; Doubles F4: 196th
159th,Fenton,20.6,1.0,40.3,22.32,22.32,2,0.5,0.0,0.0,0.0,0.0,0.0,0.5,0.0,Singles F1: 99th; Singles F2: 185th; Singles F3: 218th; Singles F4: 156th; Doubles F1: 165th; Doubles F2: 135th; Doubles F3: 127th; Doubles F4: 160th
160th,Grand Rapids Northview,20.1,1.5,38.7,25.11,25.11,3,0.0,0.0,0.5,0.0,0.0,0.0,0.5,0.5,Singles F1: 226th; Singles F2: 222nd; Singles F3: 112th; Singles F4: 230th; Doubles F1: 161st; Doubles F2: 158th; Doubles F3: 94th; Doubles F4: 75th
161st,Holland,20.0,4.0,36.0,29.75,29.75,3,3.0,0.5,0.0,0.0,0.5,0.0,0.0,0.0,Singles F1: 25th; Singles F2: 101st; Singles F3: 235th; Singles F4: 220th; Doubles F1: 109th; Doubles F2: 231st; Doubles F3: 206th; Doubles F4: 207th
162nd,Lowell,20.0,0.5,39.6,21.97,21.97,1,0.0,0.0,0.0,0.5,0.0,0.0,0.0,0.0,Singles F1: 163rd; Singles F2: 141st; Singles F3: 197th; Singles F4: 70th; Doubles F1: 131st; Doubles F2: 225th; Doubles F3: 160th; Doubles F4: 173rd
163rd,Walled Lake Central,19.8,1.8,37.9,24.99,24.99,2,1.25,0.0,0.0,0.5,0.0,0.0,0.0,0.0,Singles F1: 56th; Singles F2: 151st; Singles F3: 152nd; Singles F4: 91st; Doubles F1: 175th; Doubles F2: 211th; Doubles F4: 199th
164th,Tecumseh,19.8,0.5,39.0,21.7,21.7,1,0.0,0.0,0.0,0.0,0.0,0.0,0.0,0.5,Singles F1: 200th; Singles F2: 135th; Singles F3: 194th; Singles F4: 214th; Doubles F1: 144th; Doubles F2: 152nd; Doubles F3: 130th; Doubles F4: 102nd
165th,Wyandotte Roosevelt,19.6,1.2,38.0,24.55,24.55,1,0.0,0.0,0.0,0.0,0.0,0.0,0.0,1.25,Singles F1: 195th; Singles F2: 145th; Singles F3: 174th; Singles F4: 187th; Doubles F1: 162nd; Doubles F2: 194th; Doubles F3: 180th; Doubles F4: 56th
166th,Fruitport,19.6,1.0,38.2,21.28,21.28,2,0.0,0.0,0.5,0.0,0.0,0.0,0.5,0.0,Singles F1: 162nd; Singles F2: 170th; Singles F3: 124th; Singles F4: 199th; Doubles F1: 168th; Doubles F2: 179th; Doubles F3: 126th; Doubles F4: 161st
167th,Almont,19.6,1.0,38.2,21.39,21.39,2,0.0,0.0,0.5,0.5,0.0,0.0,0.0,0.0,Singles F1: 168th; Singles F2: 175th; Singles F3: 102nd; Singles F4: 85th; Doubles F1: 209th; Doubles F2: 147th; Doubles F3: 142nd
168th,Grand Rapids Kenowa Hills,19.4,0.5,38.4,20.31,20.31,1,0.0,0.0,0.5,0.0,0.0,0.0,0.0,0.0,Singles F1: 164th; Singles F2: 172nd; Singles F3: 103rd; Singles F4: 206th; Doubles F1: 154th; Doubles F2: 138th; Doubles F3: 173rd; Doubles F4: 175th
169th,Flint Kearsley,19.4,0.5,38.2,19.77,19.77,1,0.0,0.0,0.0,0.0,0.0,0.0,0.5,0.0,Singles F1: 234th; Singles F2: 188th; Singles F3: 131st; Singles F4: 159th; Doubles F1: 181st; Doubles F2: 140th; Doubles F3: 118th; Doubles F4: 137th
170th,Warren Mott,18.5,0.0,37.0,21.12,21.12,0,0.0,0.0,0.0,0.0,0.0,0.0,0.0,0.0,Singles F1: 169th; Singles F2: 176th; Singles F3: 178th; Singles F4: 170th; Doubles F1: 139th; Doubles F2: 150th; Doubles F3: 190th; Doubles F4: 141st
171st,Midland Bullock Creek,18.1,1.5,34.7,21.13,21.13,3,0.0,0.0,0.5,0.0,0.0,0.0,0.5,0.5,Singles F3: 98th; Singles F4: 134th; Doubles F2: 149th; Doubles F3: 101st; Doubles F4: 100th
172nd,Hamtramck,18.0,1.0,35.0,23.66,23.66,2,0.0,0.0,0.0,0.5,0.5,0.0,0.0,0.0,Singles F1: 205th; Singles F2: 163rd; Singles F3: 189th; Singles F4: 124th; Doubles F1: 126th; Doubles F2: 148th; Doubles F3: 140th
173rd,Eaton Rapids,17.9,1.0,34.8,21.45,21.45,2,0.0,0.5,0.5,0.0,0.0,0.0,0.0,0.0,Singles F1: 188th; Singles F2: 97th; Singles F3: 108th; Singles F4: 183rd; Doubles F1: 170th; Doubles F2: 230th; Doubles F3: 212th; Doubles F4: 170th
174th,Dearborn Edsel Ford,17.9,0.5,35.4,24.57,24.57,1,0.5,0.0,0.0,0.0,0.0,0.0,0.0,0.0,Singles F1: 116th; Singles F2: 152nd; Singles F3: 151st; Singles F4: 160th; Doubles F1: 199th; Doubles F2: 201st; Doubles F3: 182nd; Doubles F4: 186th
175th,Howell,17.9,0.5,35.2,20.22,20.22,1,0.0,0.0,0.0,0.0,0.0,0.0,0.0,0.5,Singles F1: 182nd; Singles F2: 215th; Singles F3: 168th; Singles F4: 162nd; Doubles F1: 206th; Doubles F2: 176th; Doubles F3: 135th; Doubles F4: 106th
176th,Bay City Central,17.8,0.5,35.0,27.62,27.62,1,0.0,0.0,0.5,0.0,0.0,0.0,0.0,0.0,Singles F1: 167th; Singles F2: 131st; Singles F3: 127th; Singles F4: 158th; Doubles F1: 166th; Doubles F2: 224th; Doubles F3: 196th; Doubles F4: 185th
177th,Muskegon Western Michigan Christian,17.5,0.0,35.1,24.26,24.26,0,0.0,0.0,0.0,0.0,0.0,0.0,0.0,0.0,Singles F1: 155th; Singles F2: 142nd; Singles F3: 182nd; Singles F4: 177th; Doubles F1: 152nd; Doubles F2: 234th; Doubles F3: 157th; Doubles F4: 154th
178th,White Lake Lakeland,17.3,1.0,33.6,25.43,25.43,2,0.0,0.5,0.0,0.0,0.0,0.5,0.0,0.0,Singles F1: 248th; Singles F2: 125th; Singles F3: 191st; Singles F4: 197th; Doubles F1: 193rd; Doubles F2: 128th; Doubles F3: 137th; Doubles F4: 164th
179th,Milan,17.3,0.5,34.2,23.11,23.11,1,0.0,0.0,0.0,0.0,0.0,0.5,0.0,0.0,Singles F1: 134th; Singles F2: 149th; Singles F3: 164th; Singles F4: 184th; Doubles F1: 208th; Doubles F2: 84th; Doubles F3: 189th
180th,Lapeer,17.1,0.5,33.7,25.89,25.89,1,0.0,0.0,0.0,0.0,0.0,0.0,0.0,0.5,Singles F1: 211th; Singles F2: 174th; Singles F3: 243rd; Singles F4: 148th; Doubles F1: 134th; Doubles F2: 166th; Doubles F3: 187th; Doubles F4: 119th
181st,Sterling Heights,17.1,0.5,33.6,20.76,20.76,1,0.0,0.0,0.0,0.0,0.5,0.0,0.0,0.0,Singles F1: 212th; Singles F2: 165th; Singles F3: 169th; Singles F4: 153rd; Doubles F1: 127th; Doubles F2: 154th; Doubles F3: 143rd
182nd,Wayland,16.9,0.5,33.4,26.76,26.76,1,0.0,0.0,0.5,0.0,0.0,0.0,0.0,0.0,Singles F1: 151st; Singles F2: 171st; Singles F3: 110th; Singles F4: 188th; Doubles F1: 210th; Doubles F2: 192nd; Doubles F3: 204th; Doubles F4: 162nd
183rd,Buchanan,16.8,1.0,32.7,22.9,22.9,2,0.0,0.0,0.5,0.5,0.0,0.0,0.0,0.0,Singles F1: 204th; Singles F2: 179th; Singles F3: 128th; Singles F4: 81st; Doubles F1: 226th; Doubles F2: 220th; Doubles F3: 177th; Doubles F4: 188th
184th,Croswell-Lexington,16.8,0.5,33.1,23.78,23.78,1,0.0,0.0,0.0,0.0,0.0,0.5,0.0,0.0,Singles F1: 218th; Singles F2: 137th; Singles F3: 185th; Singles F4: 201st; Doubles F1: 142nd; Doubles F2: 103rd; Doubles F3: 211th; Doubles F4: 197th
185th,Alpena,16.6,1.0,32.2,22.42,22.42,2,0.0,0.5,0.5,0.0,0.0,0.0,0.0,0.0,Singles F1: 208th; Singles F2: 77th; Singles F3: 114th; Singles F4: 211th; Doubles F1: 234th; Doubles F2: 163rd; Doubles F3: 145th
186th,Otsego,16.5,0.5,32.4,23.14,23.14,1,0.0,0.0,0.0,0.0,0.5,0.0,0.0,0.0,Singles F1: 166th; Singles F2: 223rd; Singles F3: 201st; Singles F4: 219th; Doubles F1: 75th; Doubles F2: 172nd; Doubles F3: 184th; Doubles F4: 168th
187th,Hemlock,16.4,1.0,31.9,23.44,23.44,2,0.0,0.0,0.0,0.0,0.5,0.5,0.0,0.0,Singles F1: 252nd; Singles F2: 186th; Singles F3: 242nd; Singles F4: 224th; Doubles F1: 95th; Doubles F2: 119th; Doubles F3: 170th; Doubles F4: 132nd
188th,Livonia Franklin,16.4,0.0,32.8,23.09,23.09,0,0.0,0.0,0.0,0.0,0.0,0.0,0.0,0.0,Singles F1: 216th; Singles F2: 153rd; Singles F3: 193rd; Singles F4: 225th; Doubles F1: 140th; Doubles F2: 151st; Doubles F3: 136th; Doubles F4: 187th
189th,Monroe,16.2,0.5,32.0,23.4,23.4,1,0.5,0.0,0.0,0.0,0.0,0.0,0.0,0.0,Singles F1: 115th; Singles F2: 157th; Singles F3: 150th; Singles F4: 163rd; Doubles F1: 191st; Doubles F2: 203rd; Doubles F4: 178th
190th,Ovid-Elsie,16.2,0.5,31.9,20.25,20.25,1,0.0,0.0,0.0,0.0,0.5,0.0,0.0,0.0,Singles F1: 158th; Singles F2: 194th; Singles F3: 187th; Singles F4: 218th; Doubles F1: 128th; Doubles F2: 188th; Doubles F3: 152nd; Doubles F4: 195th
191st,Comstock Park,16.1,0.5,31.7,18.07,18.07,1,0.0,0.0,0.0,0.5,0.0,0.0,0.0,0.0,Singles F1: 176th; Singles F2: 187th; Singles F3: 129th; Singles F4: 115th; Doubles F1: 178th; Doubles F2: 193rd; Doubles F3: 185th
192nd,Flushing,15.9,1.0,30.8,27.92,27.92,2,0.0,0.5,0.0,0.0,0.5,0.0,0.0,0.0,Singles F1: 171st; Singles F2: 126th; Singles F3: 198th; Singles F4: 180th; Doubles F1: 113th; Doubles F2: 227th; Doubles F3: 217th; Doubles F4: 209th
193rd,St Clair Shores Lakeview,15.7,0.5,30.9,22.19,22.19,1,0.0,0.0,0.0,0.0,0.0,0.0,0.5,0.0,Singles F1: 229th; Singles F2: 221st; Singles F3: 221st; Singles F4: 169th; Doubles F1: 194th; Doubles F2: 133rd; Doubles F3: 114th; Doubles F4: 158th
194th,Riverview,15.6,0.5,30.7,20.29,20.29,1,0.0,0.0,0.0,0.0,0.0,0.0,0.0,0.5,Singles F1: 230th; Singles F2: 206th; Singles F3: 205th; Singles F4: 164th; Doubles F1: 185th; Doubles F2: 169th; Doubles F3: 164th; Doubles F4: 121st
195th,Niles,15.5,0.0,31.0,23.13,23.13,0,0.0,0.0,0.0,0.0,0.0,0.0,0.0,0.0,Singles F1: 214th; Singles F2: 201st; Singles F3: 142nd; Singles F4: 142nd; Doubles F1: 215th; Doubles F2: 171st; Doubles F3: 202nd; Doubles F4: 150th
196th,Cedar Springs,15.3,0.5,30.1,22.62,22.62,1,0.0,0.0,0.0,0.0,0.0,0.0,0.5,0.0,Singles F1: 174th; Singles F2: 199th; Singles F3: 211th; Singles F4: 205th; Doubles F1: 177th; Doubles F2: 180th; Doubles F3: 108th; Doubles F4: 202nd
197th,Yale,15.2,0.5,29.9,21.37,21.37,1,0.0,0.0,0.0,0.0,0.0,0.5,0.0,0.0,Singles F1: 237th; Singles F2: 204th; Singles F3: 245th; Singles F4: 133rd; Doubles F1: 195th; Doubles F2: 126th; Doubles F3: 146th; Doubles F4: 174th
198th,Charlotte,14.8,0.5,29.2,21.95,21.95,1,0.0,0.0,0.0,0.0,0.0,0.0,0.5,0.0,Singles F1: 253rd; Singles F2: 207th; Singles F3: 130th; Singles F4: 129th; Doubles F1: 216th; Doubles F2: 184th; Doubles F3: 97th
199th,Macomb Dakota,14.5,1.8,27.2,22.8,22.8,2,1.25,0.5,0.0,0.0,0.0,0.0,0.0,0.0,Singles F1: 51st; Singles F2: 92nd; Singles F3: 206th; Singles F4: 204th; Doubles F1: 236th; Doubles F2: 208th
200th,Riverview Gabriel Richard,14.5,0.5,28.4,24.34,24.34,1,0.0,0.0,0.0,0.0,0.5,0.0,0.0,0.0,Singles F1: 194th; Singles F2: 227th; Singles F3: 170th; Doubles F1: 123rd; Doubles F2: 182nd; Doubles F3: 141st; Doubles F4: 194th
201st,Alma,14.5,0.0,29.0,23.69,23.69,0,0.0,0.0,0.0,0.0,0.0,0.0,0.0,0.0,Singles F1: 203rd; Singles F2: 193rd; Singles F3: 180th; Singles F4: 154th; Doubles F1: 211th; Doubles F2: 197th; Doubles F3: 169th; Doubles F4: 172nd
202nd,Battle Creek Pennfield,14.4,1.0,27.7,24.44,24.44,2,0.5,0.5,0.0,0.0,0.0,0.0,0.0,0.0,Singles F1: 104th; Singles F2: 99th; Singles F3: 214th; Singles F4: 215th; Doubles F1: 237th; Doubles F2: 232nd; Doubles F3: 205th; Doubles F4: 200th
203rd,Lake Odessa Lakewood,14.2,0.5,27.9,18.66,18.66,1,0.0,0.0,0.0,0.5,0.0,0.0,0.0,0.0,Singles F1: 187th; Singles F2: 208th; Singles F3: 232nd; Singles F4: 128th; Doubles F1: 204th; Doubles F2: 161st; Doubles F3: 175th; Doubles F4: 206th
204th,Ortonville Brandon,14.1,1.0,27.2,21.18,21.18,2,0.5,0.5,0.0,0.0,0.0,0.0,0.0,0.0,Singles F1: 98th; Singles F2: 127th; Singles F3: 244th; Singles F4: 217th; Doubles F1: 179th; Doubles F2: 223rd; Doubles F3: 168th
205th,Brownstown Woodhaven,14.0,0.5,27.4,24.15,24.15,1,0.5,0.0,0.0,0.0,0.0,0.0,0.0,0.0,Singles F1: 105th; Singles F2: 144th; Singles F3: 171st; Doubles F1: 174th; Doubles F2: 195th; Doubles F4: 203rd
206th,Auburn Hills Avondale,13.9,0.5,27.3,21.28,21.28,1,0.0,0.0,0.0,0.0,0.0,0.5,0.0,0.0,Singles F1: 180th; Singles F2: 164th; Doubles F1: 143rd; Doubles F2: 115th; Doubles F3: 132nd
207th,Davison,13.9,0.0,27.8,23.63,23.63,0,0.0,0.0,0.0,0.0,0.0,0.0,0.0,0.0,Singles F1: 233rd; Singles F2: 246th; Singles F3: 223rd; Singles F4: 130th; Doubles F1: 180th; Doubles F2: 139th; Doubles F3: 181st; Doubles F4: 171st
208th,Stevensville Lakeshore,13.4,0.5,26.4,25.31,25.31,1,0.5,0.0,0.0,0.0,0.0,0.0,0.0,0.0,Singles F1: 122nd; Singles F2: 181st; Singles F3: 238th; Singles F4: 140th; Doubles F1: 221st; Doubles F2: 233rd; Doubles F3: 215th; Doubles F4: 183rd
209th,Frankenmuth,13.0,0.0,26.1,23.16,23.16,0,0.0,0.0,0.0,0.0,0.0,0.0,0.0,0.0,Singles F1: 219th; Singles F2: 248th; Singles F3: 181st; Singles F4: 167th; Doubles F1: 198th; Doubles F2: 156th; Doubles F3: 208th; Doubles F4: 163rd
210th,Niles Brandywine,13.0,0.0,26.0,23.59,23.59,0,0.0,0.0,0.0,0.0,0.0,0.0,0.0,0.0,Singles F1: 215th; Singles F2: 224th; Singles F3: 143rd; Singles F4: 189th; Doubles F1: 147th; Doubles F2: 170th; Doubles F3: 194th
211th,Jackson,12.7,0.5,24.9,27.54,27.54,1,0.5,0.0,0.0,0.0,0.0,0.0,0.0,0.0,Singles F1: 68th; Singles F2: 217th; Singles F3: 202nd; Singles F4: 194th; Doubles F1: 222nd; Doubles F2: 207th; Doubles F3: 195th
212th,Ypsilanti,12.3,0.0,24.6,21.87,21.87,0,0.0,0.0,0.0,0.0,0.0,0.0,0.0,0.0,Singles F1: 224th; Singles F2: 196th; Singles F4: 152nd; Doubles F2: 144th; Doubles F3: 155th; Doubles F4: 179th
213th,Clawson,11.7,0.0,23.5,22.51,22.51,0,0.0,0.0,0.0,0.0,0.0,0.0,0.0,0.0,Singles F1: 201st; Singles F2: 166th; Singles F3: 135th; Singles F4: 149th; Doubles F1: 163rd
214th,Plainwell,11.6,0.0,23.1,20.92,20.92,0,0.0,0.0,0.0,0.0,0.0,0.0,0.0,0.0,Singles F1: 177th; Singles F2: 251st; Singles F3: 234th; Singles F4: 227th; Doubles F1: 159th; Doubles F2: 173rd; Doubles F3: 172nd; Doubles F4: 208th
215th,Ferndale,11.6,0.0,23.1,23.66,23.66,0,0.0,0.0,0.0,0.0,0.0,0.0,0.0,0.0,Singles F1: 181st; Singles F2: 184th; Singles F3: 196th; Singles F4: 192nd; Doubles F1: 201st; Doubles F2: 210th; Doubles F4: 177th
216th,Livonia Churchill,11.5,0.0,23.1,26.78,26.78,0,0.0,0.0,0.0,0.0,0.0,0.0,0.0,0.0,Singles F1: 202nd; Singles F2: 218th; Singles F3: 246th; Singles F4: 198th; Doubles F1: 189th; Doubles F2: 212th; Doubles F3: 193rd; Doubles F4: 144th
217th,Harbor Springs,11.4,0.5,22.2,21.23,21.23,1,0.0,0.0,0.5,0.0,0.0,0.0,0.0,0.0,Singles F1: 225th; Singles F2: 214th; Singles F3: 115th; Doubles F2: 164th; Doubles F3: 199th; Doubles F4: 182nd
218th,Lansing Christian School,10.7,0.0,21.4,19.61,19.61,0,0.0,0.0,0.0,0.0,0.0,0.0,0.0,0.0,Singles F1: 221st; Singles F2: 167th; Singles F3: 144th; Singles F4: 202nd; Doubles F1: 153rd; Doubles F2: 229th
219th,Carleton Airport,10.6,0.0,21.1,21.29,21.29,0,0.0,0.0,0.0,0.0,0.0,0.0,0.0,0.0,Singles F1: 217th; Singles F2: 228th; Singles F3: 239th; Singles F4: 193rd; Doubles F1: 212th; Doubles F2: 190th; Doubles F3: 197th; Doubles F4: 166th
220th,Muskegon Reeths-Puffer,10.5,0.0,21.0,24.56,24.56,0,0.0,0.0,0.0,0.0,0.0,0.0,0.0,0.0,Singles F1: 156th; Singles F2: 169th; Singles F3: 247th; Singles F4: 231st; Doubles F1: 239th; Doubles F2: 202nd; Doubles F3: 216th; Doubles F4: 184th
221st,Grand Rapids Ottawa Hills,10.5,0.0,20.9,28.25,28.25,0,0.0,0.0,0.0,0.0,0.0,0.0,0.0,0.0,Singles F1: 232nd; Singles F2: 173rd; Singles F3: 220th; Singles F4: 203rd; Doubles F1: 227th; Doubles F2: 215th; Doubles F3: 200th; Doubles F4: 176th
222nd,Lansing Eastern,10.4,0.0,20.7,25.51,25.51,0,0.0,0.0,0.0,0.0,0.0,0.0,0.0,0.0,Singles F1: 213th; Singles F2: 231st; Singles F3: 195th; Singles F4: 222nd; Doubles F1: 219th; Doubles F2: 198th; Doubles F3: 214th; Doubles F4: 159th
223rd,Ionia,10.4,0.0,20.7,23.02,23.02,0,0.0,0.0,0.0,0.0,0.0,0.0,0.0,0.0,Singles F1: 251st; Singles F2: 237th; Singles F3: 217th; Singles F4: 221st; Doubles F1: 230th; Doubles F2: 185th; Doubles F3: 171st; Doubles F4: 139th
224th,Hillsdale,10.0,0.5,19.4,16.56,16.56,1,0.0,0.0,0.0,0.5,0.0,0.0,0.0,0.0,Singles F1: 231st; Singles F2: 183rd; Singles F3: 190th; Singles F4: 121st; Doubles F1: 173rd
225th,Ypsilanti Lincoln,9.8,0.5,19.1,20.25,20.25,1,0.5,0.0,0.0,0.0,0.0,0.0,0.0,0.0,Singles F1: 125th; Singles F2: 158th; Singles F3: 176th; Singles F4: 185th
226th,Armada,9.7,0.0,19.4,19.8,19.8,0,0.0,0.0,0.0,0.0,0.0,0.0,0.0,0.0,Singles F1: 198th; Singles F2: 178th; Singles F3: 186th; Singles F4: 228th; Doubles F1: 200th; Doubles F2: 167th
227th,Caro,7.8,0.5,15.1,19.72,19.72,1,0.0,0.5,0.0,0.0,0.0,0.0,0.0,0.0,Singles F1: 210th; Singles F2: 80th; Singles F3: 177th
228th,Southfield Arts & Technology,7.7,0.0,15.4,21.61,21.61,0,0.0,0.0,0.0,0.0,0.0,0.0,0.0,0.0,Singles F1: 153rd; Singles F2: 177th; Singles F3: 188th; Doubles F1: 202nd
229th,Monroe St Mary Catholic Central,7.4,0.0,14.9,23.27,23.27,0,0.0,0.0,0.0,0.0,0.0,0.0,0.0,0.0,Singles F1: 256th; Singles F2: 243rd; Singles F3: 175th; Singles F4: 209th; Doubles F1: 238th; Doubles F2: 205th; Doubles F3: 186th
230th,Marine City,7.3,0.0,14.6,23.78,23.78,0,0.0,0.0,0.0,0.0,0.0,0.0,0.0,0.0,Singles F1: 184th; Singles F2: 249th; Singles F3: 227th; Doubles F1: 184th; Doubles F2: 153rd
231st,Elk Rapids,7.3,0.0,14.5,23.21,23.21,0,0.0,0.0,0.0,0.0,0.0,0.0,0.0,0.0,Singles F1: 209th; Singles F2: 190th; Singles F3: 212th; Doubles F1: 197th; Doubles F2: 191st
232nd,New Buffalo / Bridgman / Lake Michigan Catholic (LMC),6.7,0.5,12.9,20.05,20.05,1,0.5,0.0,0.0,0.0,0.0,0.0,0.0,0.0,Singles F1: 120th; Singles F2: 241st; Singles F3: 216th; Singles F4: 196th
233rd,Sterling Heights Stevenson,6.7,0.0,13.5,23.38,23.38,0,0.0,0.0,0.0,0.0,0.0,0.0,0.0,0.0,Singles F1: 196th; Singles F2: 205th; Singles F3: 219th; Singles F4: 210th; Doubles F1: 232nd; Doubles F2: 219th
234th,Brooklyn Columbia Central,5.9,0.0,11.9,23.17,23.17,0,0.0,0.0,0.0,0.0,0.0,0.0,0.0,0.0,Singles F1: 222nd; Singles F2: 202nd; Doubles F1: 164th; Doubles F2: 206th
235th,Pinckney,5.8,0.0,11.7,24.43,24.43,0,0.0,0.0,0.0,0.0,0.0,0.0,0.0,0.0,Singles F1: 245th; Singles F2: 230th; Singles F3: 209th; Singles F4: 213th; Doubles F1: 217th; Doubles F2: 204th
236th,Plymouth Christian Academy,5.8,0.0,11.7,21.86,21.86,0,0.0,0.0,0.0,0.0,0.0,0.0,0.0,0.0,Singles F1: 146th; Singles F2: 211th; Singles F3: 210th; Doubles F1: 231st
237th,Warren Woods Tower,5.6,0.0,11.2,24.39,24.39,0,0.0,0.0,0.0,0.0,0.0,0.0,0.0,0.0,Singles F1: 244th; Singles F2: 209th; Singles F3: 229th; Singles F4: 226th; Doubles F1: 224th; Doubles F2: 196th
238th,Bronson,5.4,0.0,10.8,19.27,19.27,0,0.0,0.0,0.0,0.0,0.0,0.0,0.0,0.0,Singles F1: 183rd; Singles F2: 225th; Singles F3: 203rd; Doubles F1: 205th
239th,Richmond,5.3,0.0,10.7,22.61,22.61,0,0.0,0.0,0.0,0.0,0.0,0.0,0.0,0.0,Singles F1: 243rd; Singles F2: 233rd; Singles F3: 224th; Singles F4: 182nd; Doubles F1: 235th; Doubles F2: 222nd
240th,Lincoln Park,4.3,0.0,8.7,26.51,26.51,0,0.0,0.0,0.0,0.0,0.0,0.0,0.0,0.0,Singles F1: 250th; Singles F2: 229th; Singles F3: 240th; Doubles F1: 228th; Doubles F2: 226th; Doubles F3: 207th
241st,Madison Heights Lamphere,3.6,0.0,7.1,23.41,23.41,0,0.0,0.0,0.0,0.0,0.0,0.0,0.0,0.0,Doubles F1: 183rd; Doubles F4: 189th
242nd,Chesaning,3.6,0.0,7.1,16.89,16.89,0,0.0,0.0,0.0,0.0,0.0,0.0,0.0,0.0,Singles F1: 220th; Singles F2: 216th; Singles F3: 231st; Doubles F1: 225th
243rd,Boyne City,3.3,0.0,6.5,18.81,18.81,0,0.0,0.0,0.0,0.0,0.0,0.0,0.0,0.0,Singles F1: 235th; Singles F2: 234th; Singles F3: 222nd; Doubles F2: 214th
244th,Dearborn Heights Crestwood,3.1,0.0,6.2,22.51,22.51,0,0.0,0.0,0.0,0.0,0.0,0.0,0.0,0.0,Singles F1: 249th; Singles F2: 247th; Singles F3: 225th; Doubles F1: 233rd; Doubles F2: 218th
245th,Grant,3.1,0.0,6.2,28.57,28.57,0,0.0,0.0,0.0,0.0,0.0,0.0,0.0,0.0,Singles F1: 238th; Singles F2: 240th; Singles F3: 226th; Singles F4: 208th
246th,Walled Lake Western,2.9,0.0,5.8,22.77,22.77,0,0.0,0.0,0.0,0.0,0.0,0.0,0.0,0.0,Singles F1: 199th; Singles F2: 232nd; Singles F3: 228th
247th,South Haven,2.9,0.0,5.8,24.31,24.31,0,0.0,0.0,0.0,0.0,0.0,0.0,0.0,0.0,Singles F1: 255th; Singles F2: 200th; Singles F3: 236th; Singles F4: 229th
248th,Belleville,2.7,0.0,5.4,21.3,21.3,0,0.0,0.0,0.0,0.0,0.0,0.0,0.0,0.0,Singles F1: 227th; Doubles F1: 182nd
249th,Battle Creek Central,2.7,0.0,5.4,22.14,22.14,0,0.0,0.0,0.0,0.0,0.0,0.0,0.0,0.0,Singles F1: 241st; Singles F2: 242nd; Singles F3: 230th; Singles F4: 216th
250th,Wyoming Kelloggsville,2.6,0.0,5.1,22.91,22.91,0,0.0,0.0,0.0,0.0,0.0,0.0,0.0,0.0,Singles F1: 254th; Singles F4: 212th; Doubles F1: 240th; Doubles F2: 228th
251st,Adrian,2.4,0.0,4.8,22.7,22.7,0,0.0,0.0,0.0,0.0,0.0,0.0,0.0,0.0,Singles F1: 239th; Singles F2: 226th; Singles F3: 215th
252nd,Lansing Waverly,2.3,0.0,4.6,20.17,20.17,0,0.0,0.0,0.0,0.0,0.0,0.0,0.0,0.0,Singles F1: 186th; Singles F2: 238th
253rd,Durand,2.1,0.0,4.3,21.03,21.03,0,0.0,0.0,0.0,0.0,0.0,0.0,0.0,0.0,Singles F1: 242nd; Singles F2: 250th; Singles F3: 199th
254th,Garden City,1.9,0.0,3.9,25.01,25.01,0,0.0,0.0,0.0,0.0,0.0,0.0,0.0,0.0,Singles F1: 247th; Singles F2: 235th; Doubles F1: 218th
255th,Fremont,1.5,0.0,3.1,25.14,25.14,0,0.0,0.0,0.0,0.0,0.0,0.0,0.0,0.0,Singles F1: 240th; Singles F2: 239th; Singles F3: 237th
256th,Dearborn Fordson,1.3,0.0,2.6,25.03,25.03,0,0.0,0.0,0.0,0.0,0.0,0.0,0.0,0.0,Singles F1: 207th
257th,Warren Cousino,1.1,0.0,2.3,24.3,24.3,0,0.0,0.0,0.0,0.0,0.0,0.0,0.0,0.0,Doubles F2: 213th
258th,Waterford United,0.9,0.0,1.8,25.47,25.47,0,0.0,0.0,0.0,0.0,0.0,0.0,0.0,0.0,Singles F1: 246th; Singles F2: 236th
259th,Grand Rapids Union,0.6,0.0,1.2,23.85,23.85,0,0.0,0.0,0.0,0.0,0.0,0.0,0.0,0.0,Singles F1: 236th
